Rank,Stadium,Seating Capacity,Region,Country,City,Images,Home Team
1,Rungrado 1st of May Stadium,"114,000",East Asia,North Korea,Pyongyang,https://en.wikipedia.org/wiki/File:Arirang_Mass_Games_12.JPG,"Korea DPR national football team,Korea DPR women's national football team,April 25"
2,Michigan Stadium,"107,600",North America,United States,"Ann Arbor, Michigan","https://en.wikipedia.org/wiki/File:Real_Madrid_vs._Machester_United_August_2nd,_2014.jpg",Michigan Wolverines football
3,Ohio Stadium,"102,780",North America,United States,"Columbus, Ohio",https://en.wikipedia.org/wiki/File:Panoramic_view_of_Ohio_Stadium.jpg,Ohio State Buckeyes football
4,Melbourne Cricket Ground,"100,024",Oceania,Australia,"Melbourne,Victoria",https://en.wikipedia.org/wiki/File:MCG_Panorama_24_July_2015.jpg,"Australia national cricket team,Victoria cricket team,Melbourne Cricket Club,Melbourne Stars,Melbourne FC,Richmond FC,Collingwood FC,Hawthorn FC"
5,Camp Nou,"99,354",Europe,Spain,"Barcelona, Catalonia","https://en.wikipedia.org/wiki/File:Camp_Nou_Experience_(_Ank_Kumar,_INFOSYS_Limited_)_07.jpg",FC Barcelona
6,Estadio Azteca,"95,500",North America,Mexico,Mexico City,https://en.wikipedia.org/wiki/File:Panor%C3%A1mica_esquina_noreste.jpg,"Club América,Cruz Azul,Mexico national football team"
7,FNB Stadium,"94,736",Africa,South Africa,"Johannesburg,Gauteng","https://en.wikipedia.org/wiki/File:First_game_of_the_2010_FIFA_World_Cup,_South_Africa_vs_Mexico.jpg","South Africa national football team,Kaizer Chiefs"
8,New Administrative Capital Stadium,"93,940",Africa,Egypt,New Administrative Capital,https://en.wikipedia.org/wiki/File:The_New_administrative_stadium_of_Egypt.jpg,Egypt national football team
9,Rose Bowl Stadium,"92,800",North America,United States,"Pasadena, California","https://en.wikipedia.org/wiki/File:Rose_Bowl,_panorama.jpg",UCLA Bruins
10,Cotton Bowl Stadium,"92,100",North America,United States,"Dallas,Texas",https://en.wikipedia.org/wiki/File:2019_State_Fair_Classic_01_(Cotton_Bowl).jpg,
11,Wembley Stadium,"90,000",Europe,England,"London, England",https://en.wikipedia.org/wiki/File:Post_L2_Play-Off_Final.jpg,England national football team
12,Lusail Stadium,"88,966",West Asia,Qatar,Lusail,https://en.wikipedia.org/wiki/File:Lusail_Stadium.jpg,Qatar national football team
13,Bukit Jalil National Stadium,"87,411",Southeast Asia,Malaysia,Kuala Lumpur,https://en.wikipedia.org/wiki/File:National_Stadium_Bukit_Jalil_2018_AFF_Suzuki_Cup_final.png,Malaysia national football team[13]
14,Borg el-Arab Stadium,"86,000",Africa,Egypt,Alexandria,https://en.wikipedia.org/wiki/File:Borg_el_arab_stadium.jpg,"Egypt national football team,Al Ittihad,Smouha"
15,Estadio Santiago Bernabéu,"85,000",Europe,Spain,Madrid,https://en.wikipedia.org/wiki/File:Estadio_Santiago_Bernab%C3%A9u_Madrid.jpg,Real Madrid
16,Estadio Mâs Monumental,"84,567",South America,Argentina,Buenos Aires,https://en.wikipedia.org/wiki/File:Estadio_Monumental.jpg,"Argentina national football team,River Plate"
17,Stadium Australia,"83,500",Oceania,Australia,"Sydney,New South Wales",https://en.wikipedia.org/wiki/File:State_of_Origin_Game_II_2018.jpg,"South Sydney Rabbitohs,Canterbury-Bankstown Bulldogs,New South Wales Blues,New South Wales Waratahs,Australia men's national soccer team,Australia national rugby union team"
18,MetLife Stadium,"82,500",North America,United States,"East Rutherford, New Jersey",https://en.wikipedia.org/wiki/File:Copa_America_game_between_Columbia_vs_Peru_at_the_MetLife_Stadium.jpg,"New York Giants,New York Jets,United States men's national soccer team"
19,Croke Park,"82,300",Europe,Ireland,Dublin,https://en.wikipedia.org/wiki/File:Croke_park_all_ireland.jpg,"Gaelic Athletic Association,Dublin GAA"
20,Jakarta International Stadium,"82,000",Southeast Asia,Indonesia,Jakarta,https://en.wikipedia.org/wiki/File:Jakarta_International_Stadium_interior.jpg,"Persija Jakarta,Indonesia national football team"
21,Lambeau Field,"81,441",North America,United States,"Green Bay, Wisconsin",https://en.wikipedia.org/wiki/File:Lambeau_Field_bowl.jpg,Green Bay Packers
22,SIGNAL IDUNA PARK,"81,365",Europe,Germany,Dortmund,https://en.wikipedia.org/wiki/File:Signal_iduna_park.jpg,Borussia Dortmund
23,Stade de France,"81,338",Europe,France,Saint-Denis,https://en.wikipedia.org/wiki/File:StadeFranceNationsLeague2018.jpg,France national football team
24,Grand Sports Arena of the Luzhniki Olympic Complex,"81,000",Europe,Russia,Moscow,https://en.wikipedia.org/wiki/File:Luzhniki_Stadium2.jpg,
25,Shah Alam Stadium,"80,372",Southeast Asia,Malaysia,"Shah Alam, Selangor",https://en.wikipedia.org/wiki/File:Shah_Alam_Stadium_(inside).jpg,Selangor FA
26,Estadio Monumental,"80,093",South America,Peru,Lima,https://en.wikipedia.org/wiki/File:EstadioUniversitario.jpg,Club Universitario de Deportes
27,Stadio Giuseppe Meazza,"80,018",Europe,Italy,"Milan, Lombardy","https://en.wikipedia.org/wiki/File:Stadio_Giuseppe_Meazza,_San_Siro,_Milan_(3326869632).jpg",AC MilanandInternazionale
28,Guangdong Olympic Stadium,"80,012",East Asia,China,"Guangzhou,Guangdong",https://en.wikipedia.org/wiki/File:Stade_Olympique_Guangdong.JPG,
29,Hangzhou Olympic Sports Expo Centre Stadium,"80,000",East Asia,China,"Hangzhou,Zhejiang",https://en.wikipedia.org/wiki/File:Hangzhou_Olympic_Sports_Center_Stadium2021.jpg,
30,AT&T Stadium,"80,000",North America,United States,"Arlington, Texas",https://en.wikipedia.org/wiki/File:Cowboys_Stadium_full_view.jpg,"Dallas Cowboys,FC Dallas"
31,Stade des Martyrs,"80,000",Africa,DR Congo,Kinshasa,https://en.wikipedia.org/wiki/File:Stade_des_martyrs_0332_Kinshasa_(8756673901).jpg,Congo DR national football team
33,National Sports Stadium,"80,000",Africa,Zimbabwe,Harare,https://en.wikipedia.org/wiki/File:Inside_the_Kasarani_Stadium.jpg,Kenya national football team
34,Moi International Sports Centre,"80,000",Africa,Kenya,Nairobi,https://en.wikipedia.org/wiki/File:Senegal_1_-_Cameroon_0_-_Stade_L%C3%A9opold_S%C3%A9dar_Senghor.jpg,"Senegal national football team,ASC Jeanne d'Arc"
35,Beijing National Stadium,"80,000",East Asia,China,Beijing,https://en.wikipedia.org/wiki/File:Bosnia_players_at_Maracan%C3%A3_15_June_2014.jpg,"CR Flamengo,Fluminense FC,Botafogo FR,CR Vasco da Gama"
36,Stade Léopold Sédar Senghor,"80,000",Africa,Senegal,Dakar,https://en.wikipedia.org/wiki/File:USC_vs_University_of_Oregon_November_2019.png,USC Trojans
37,Maracanã,"78,838",South America,Brazil,"Rio de Janeiro, Rio de Janeiro",https://en.wikipedia.org/wiki/File:Azadi_Stadium_(7).jpg,"Iran national football team,Esteghlal FC,Persepolis FC"
38,Los Angeles Memorial Coliseum,"78,467",North America,United States,"Los Angeles, California",https://en.wikipedia.org/wiki/File:Gbk_persija_arema_20190803.jpg,"Indonesia national football team,"
39,Azadi Stadium,"78,116",West Asia,Iran,Tehran,https://en.wikipedia.org/wiki/File:The_Dome_New_Orleans_Man_Trip.jpg,"New Orleans Saints,Sugar Bowl"
40,Stadion Utama Gelora Bung Karno,"77,193",Southeast Asia,Indonesia,Jakarta,https://en.wikipedia.org/wiki/File:25_July_2010_Kansas_City_Wizards_vs_Manchester_United_friendly.jpg,Kansas City Chiefs
41,Caesar's Superdome,"76,468",North America,United States,"New Orleans, Louisiana",https://en.wikipedia.org/wiki/File:SAF_at_Mile_High_AFC_Championship_game_pom-poms.jpg,Denver Broncos
42,Arrowhead Stadium,"76,412",North America,United States,"Kansas City, Missouri",https://en.wikipedia.org/wiki/File:Istanbul_Atat%C3%BCrk_Olympic_Stadium_2.jpg,
43,Empower Field,"76,125",North America,United States,Denver,https://en.wikipedia.org/wiki/File:Manchester_United_old_trafford_Ank_Kumar_01.jpg,Manchester United
44,Atatürk Olimpiyat Stadyumu,"76,092",Europe,Turkey,Istanbul,https://en.wikipedia.org/wiki/File:Allainz_Arena_(Bayern_Munich).jpg,FC Bayern Munich
45,Old Trafford,"76,000",Europe,England,"Manchester,North West England",https://en.wikipedia.org/wiki/File:Naghsh_Jahan_Stadium.jpg,Sepahan FC
46,Allianz Arena,"75,024",Europe,Germany,Munich,https://en.wikipedia.org/wiki/File:Bank_of_America_Stadium_soccer.jpg,"Charlotte FC,Carolina Panthers"
47,Naghsh-e-Jahan Stadium,"75,000",West Asia,Iran,Isfahan,https://en.wikipedia.org/wiki/File:Millennium_Stadium_-_Glanmor%E2%80%99s_Gap.jpg,Wales national rugby union team
48,Bank of America Stadium,"74,867",North America,United States,"Charlotte, North Carolina",https://en.wikipedia.org/wiki/File:Berlin_Olympiastadion_nach_Umbau.jpg,Hertha BSC
49,Principality Stadium,"74,500",Europe,Wales,Cardiff,https://en.wikipedia.org/wiki/File:Cairo_Stadium_Afcon_u23_2019.jpg,"Egypt national football team,Al Ahly,Zamalek"
50,Olympiastadion,"74,475",Europe,Germany,Berlin,https://en.wikipedia.org/wiki/File:FirstEnergy_Stadium_panorama_2016.jpg,Cleveland Browns
51,Cairo International Stadium,"74,100",Africa,Egypt,Cairo,https://en.wikipedia.org/wiki/File:Est%C3%A1dio_Nacional_Bras%C3%ADlia.jpg,"Brasília FC,Legião FC"
52,FirstEnergy Stadium,"73,200",North America,United States,Cleveland,https://en.wikipedia.org/wiki/File:The_Stadio_Olimpico_during_a_match_between_AS_Roma_and_Sampdoria.jpg,"AS Roma,Lazio"
53,Estádio Nacional Mané Garrincha,"72,788",South America,Brazil,"Brasília, Distrito Federal",https://en.wikipedia.org/wiki/File:International_Stadium_Yokohama-1.jpg,"Yokohama F. Marinos,Yokohama Eagles"
54,Stadio Olimpico,"72,698",Europe,Italy,"Rome, Lazio",https://en.wikipedia.org/wiki/File:The_Texans_at_Reliant_Park_1_Jan_2012.jpg,"Houston Texans,Houston Dynamo FC"
55,Nissan Stadium,"72,327",East Asia,Japan,"Yokohama, Kanagawa",https://en.wikipedia.org/wiki/File:Shanghai_Stadium_2008.JPG,Shanghai Shenhua
56,NRG Stadium,"72,220",North America,United States,"Houston, Texas",https://en.wikipedia.org/wiki/File:M%26T_Bank_Stadium_USA_soccer.JPG,Baltimore Ravens
57,Shanghai Stadium,"72,000",East Asia,China,Shanghai,https://en.wikipedia.org/wiki/File:Mercedes_Benz_Stadium_interior_2017-08-25_1.jpg,"Atlanta United FC,Atlanta Falcons"
58,M&T Bank Stadium,"71,008",North America,United States,Baltimore,https://en.wikipedia.org/wiki/File:Wanda-Metropolitano.jpg,Atlético de Madrid
59,Mercedes-Benz Stadium,"71,000",North America,United States,"Atlanta, Georgia",https://en.wikipedia.org/wiki/File:Kyiv_NSC_Olimpiyskyi_5.jpg,"Ukraine national football team,FC Dynamo Kyiv"
60,Cívitas Metropolitano,"70,460",Europe,Spain,Madrid,https://en.wikipedia.org/wiki/File:SoFi_Stadium_interior_2021.jpg,
61,Olympic National Sports Complex Stadium,"70,000",Europe,Ukraine,Kyiv,https://en.wikipedia.org/wiki/File:%E8%9A%95%E5%AE%A4_03.jpg,
62,SoFi Stadium,"70,000",North America,United States,"Inglewood, California",https://en.wikipedia.org/wiki/File:Chelsea_won_UEFA_Europa_League_final_at_Olympic_Stadium_and_President_Ilham_Aliyev_watched_the_final_match_16.jpg,Azerbaijan national football team
63,Seoul Olympic Stadium,"69,950",East Asia,South Korea,Seoul,"https://en.wikipedia.org/wiki/File:Olympic_Stadium_at_Athens_before_a_home_game_of_Panathinaikos_on_February_2,_2013.jpg",Greece national football team
64,Bakı Olimpiya stadionu,"69,870",West Asia,Azerbaijan,Baku,https://en.wikipedia.org/wiki/File:M%C3%BCnchener_Olympiastadion.jpg,
65,Olympic Stadium,"69,618",Europe,Greece,"Marousi,Attica",https://en.wikipedia.org/wiki/File:Qwest_Field_North.jpg,"Seattle Sounders FC,Seattle Seahawks"
66,Olympiastadion München,"69,250",Europe,Germany,Munich,https://en.wikipedia.org/wiki/File:Estadio_Pumas.jpg,UNAM Pumas
67,Lumen Field,"69,000",North America,United States,"Seattle, Washington",https://en.wikipedia.org/wiki/File:Stadiumguillete_(cropped).jpg,"New England Patriots,New England Revolution"
68,Estadio Olímpico Universitario,"68,954",North America,Mexico,Mexico City,https://en.wikipedia.org/wiki/File:Jawhara_Stadium.jpg,"Saudi Arabia national football team,Al-Ahli Saudi FC,Al-Ittihad Saudi Club"
69,Gillette Stadium,"68,756",North America,United States,"Foxborough, Massachusetts",https://en.wikipedia.org/wiki/File:USA-Turkey-Linc.jpg,"Philadelphia Eagles,Temple Owls football"
70,King Abdullah Sports City Stadium,"68,560",West Asia,Saudi Arabia,Jeddah,https://en.wikipedia.org/wiki/File:Entering_Levi%27s_Stadium.JPG,San Francisco 49ers
71,Lincoln Financial Field,"68,532",North America,United States,Philadelphia,https://en.wikipedia.org/wiki/File:Heinz_Field_NHL_Winter_Classic.jpg,"Pittsburgh Steelers,Pittsburgh Panthers football"
72,Levi's Stadium,"68,500",North America,United States,"Santa Clara, California",https://en.wikipedia.org/wiki/File:Fina-l2017.jpg,FC Zenit Saint Petersburg
73,Acrisure Stadium,"68,400",North America,United States,Pittsburgh,https://en.wikipedia.org/wiki/File:Salt_Lake_Stadium_during_FIFA_U17_World_Cup_2017_....jpg,"India national football team,Mohun Bagan Super Giant,East Bengal FC,Mohammedan SC"
74,Gazprom Arena,"68,134",Europe,Russia,Saint Petersburg,https://en.wikipedia.org/wiki/File:Drones_durante_a_abertura_das_Olimp%C3%ADadas_de_T%C3%B3quio.jpg,
75,Salt Lake Stadium,"68,000",South Asia,India,Kolkata,https://en.wikipedia.org/wiki/File:2009_Gator_Bowl.jpg,Jacksonville Jaguars
76,National Stadium,"68,000",East Asia,Japan,Tokyo,https://en.wikipedia.org/wiki/File:Stade_V%C3%A9lodrome_1.jpg,Olympique de Marseille
77,TIAA Bank Field,"67,814",North America,United States,"Jacksonville, Florida",https://en.wikipedia.org/wiki/File:Pusk%C3%A1s_Ar%C3%A9na_01.jpg,Hungary national football team
78,Orange Vélodrome,"67,394",Europe,France,Marseille,https://en.wikipedia.org/wiki/File:Murrayfield_Stadium_-_geograph.org.uk_-_1246737.jpg,Scotland national rugby union team
79,Puskás Aréna,"67,215",Europe,Hungary,Budapest,https://en.wikipedia.org/wiki/File:LucasOilStadiumTheLuke.jpg,Indianapolis Colts
80,Scottish Gas Murrayfield Stadium,"67,144",Europe,Scotland,Edinburgh,https://en.wikipedia.org/wiki/File:Estadio_Morumbi_2014.jpg,São Paulo FC
81,Lucas Oil Stadium,"67,000",North America,United States,"Indianapolis, Indiana",https://en.wikipedia.org/wiki/File:2005_NCAA_North_Carolina_v_Michigan_State.JPG,St. Louis BattleHawks
82,MorumBIS,"66,975",South America,Brazil,"São Paulo, São Paulo",https://en.wikipedia.org/wiki/File:Yadegar_Emam_stadium_at_night_-_panoramio.jpg,Tractor Sazi FC
83,The Dome,"66,965",North America,United States,St. Louis,https://en.wikipedia.org/wiki/File:AFC_Champions_League_Final_1st_leg.jpg,FC Seoul
84,Yadegar-e-Emam Stadium,"66,833",West Asia,Iran,Tabriz,https://en.wikipedia.org/wiki/File:Looking_South-US_Bank_Stadium.jpg,Minnesota Vikings
85,Seoul World Cup Stadium,"66,704",East Asia,South Korea,Seoul,https://en.wikipedia.org/wiki/File:Daegu.Stadium.original.2167.jpg,Daegu FC
86,US Bank Stadium,"66,655",North America,United States,Minneapolis,https://en.wikipedia.org/wiki/File:New_Workers%27_Stadium_under_construction_(20221025141129).jpg,"Beijing Guoan,China national football team"
87,Daegu Stadium,"66,422",East Asia,South Korea,Daegu,https://en.wikipedia.org/wiki/File:London_Stadium_panorama_picture.jpg,West Ham United
88,Workers' Stadium,"66,161",East Asia,China,Beijing,https://en.wikipedia.org/wiki/File:RaymondJamesStadium2022.jpg,"Tampa Bay Buccaneers,South Florida Bulls football,Tampa Bay Vipers"
89,London Stadium,"66,000",Europe,England,London,https://en.wikipedia.org/wiki/File:Interior_of_updated_Hard_Rock_Stadium.jpg,"Miami Dolphins,Miami Hurricanes football"
90,Raymond James Stadium,"65,847",North America,United States,"Tampa, Florida",https://en.wikipedia.org/wiki/File:Montreal_Impact_CONCACAF_FINAL.jpg,CF Montréal
91,Hard Rock Stadium,"65,326",North America,United States,"Miami Gardens, Florida",https://en.wikipedia.org/wiki/File:Basra_International_Stadium_Opening_2.JPG,Iraq national football team
92,Olympic Stadium,"65,255",North America,Canada,"Montreal, Quebec","https://en.wikipedia.org/wiki/File:Citrus_Bowl,_Construction_progress.jpg",
93,Basra International Stadium,"65,227",West Asia,Iraq,Basra,https://en.wikipedia.org/wiki/File:Alamodome_Conference_USA_Championship.jpg,UTSA Roadrunners football
94,Camping World Stadium,"65,000",North America,United States,"Orlando, Florida",https://en.wikipedia.org/wiki/File:FordField-2008NCAAtournament-MidwestRegional.jpg,Detroit Lions
95,Alamodome,"65,000",North America,United States,San Antonio,"https://en.wikipedia.org/wiki/File:Stade_Ibn_Batuta,_Tanger.jpg",IR Tanger
96,Ford Field,"65,000",North America,United States,Detroit,https://en.wikipedia.org/wiki/File:LuzLissabon.jpg,Benfica
97,Stade Ibn Battuta,"65,000",Africa,Morocco,Tangier,https://en.wikipedia.org/wiki/File:Stade_5_Juillet_1962.jpg,Algeria national football team
98,Estádio do Sport Lisboa e Benfica,"64,642",Europe,Portugal,Lisbon,https://en.wikipedia.org/wiki/File:Castel%C3%A3o_Arena_(5).jpg,"Ceará SC,Fortaleza EC"
99,Stade du 5-juillet-1962,"64,000",Africa,Algeria,Algiers,https://en.wikipedia.org/wiki/File:Saitama_Stadium_Panorama.jpg,"Urawa Red Diamonds,Saitama Wild Knights"
100,Castelão,"63,903",South America,Brazil,"Fortaleza, Ceará",https://en.wikipedia.org/wiki/File:Warm-ups_at_Brazil_%26_North_Korea_match_at_FIFA_World_Cup_2010-06-15_1.jpg,"Orlando Pirates FC,Emirates Johannesburg Lions"
101,Saitama Stadium 2002,"63,700",East Asia,Japan,Saitama,https://en.wikipedia.org/wiki/File:Spurs_stadium_January_2020.jpg,Tottenham Hotspur
102,Ellis Park Stadium,"62,567",Africa,South Africa,"Johannesburg, Gauteng",https://en.wikipedia.org/wiki/File:080110_schalke_arena_germany.JPG,FC Schalke 04
103,Tottenham Hotspur Stadium,"62,303",Europe,England,London,https://en.wikipedia.org/wiki/File:Qingdao_Guoxin_Stadium.jpg,Qingdao Jonoon FC
104,VELTINS-Arena,"62,271",Europe,Germany,Gelsenkirchen,https://en.wikipedia.org/wiki/File:Stadion_Belo_Horizonte_Halbfinale_WM_2014_(22117986076).jpg,"Atlético Mineiro,Cruzeiro EC"
105,Yizhong Sports Centre Stadium,"62,000",East Asia,China,"Qingdao,Shandong",https://en.wikipedia.org/wiki/File:%E3%82%AD%E3%83%B3%E3%82%B0%E3%83%95%E3%82%A1%E3%83%8F%E3%83%89%E5%9B%BD%E9%9A%9B%E3%82%B9%E3%82%BF%E3%82%B8%E3%82%A2%E3%83%A0.jpg,"Saudi Arabia national football team,Al-Hilal,Al-Nassr,Al-Shabab"
106,Estádio Governador Magalhães Pinto,"61,846",South America,Brazil,"Belo Horizonte, Minas Gerais",https://en.wikipedia.org/wiki/File:The_Refurbished_Soldier_Field.jpg,Chicago Bears
107,King Fahd International Stadium,"61,781",West Asia,Saudi Arabia,Riyadh,https://en.wikipedia.org/wiki/File:Nanjing_Olympic_Sports_Center_inner_view_(2016).jpg,
108,Soldier Field,"61,500",North America,United States,Chicago,https://en.wikipedia.org/wiki/File:Panorama_of_Anfield_with_new_main_stand_(29676137824).jpg,Liverpool FC
109,Nanjing Olympic Sports Centre Stadium,"61,443",East Asia,China,"Nanjing,Jiangsu",https://en.wikipedia.org/wiki/File:Estadio_Benito_Villamar%C3%ADn_2018001.jpg,Real Betis
110,Anfield,"61,276",Europe,England,"Liverpool, England",https://en.wikipedia.org/wiki/File:Football_heaven.jpg,Nigeria national football team
111,Estadio Benito Villamarín,"60,720",Europe,Spain,Seville,https://en.wikipedia.org/wiki/File:Neckarstadion_2011.jpg,VfB Stuttgart
112,Abuja Stadium,"60,491",Africa,Nigeria,Abuja,https://en.wikipedia.org/wiki/File:Celtic_park_2.jpg,Celtic FC
113,MHPArena,"60,469",Europe,Germany,Stuttgart,https://en.wikipedia.org/wiki/File:OutsideUNSA.jpg,FBC Melgar
114,Celtic Park,"60,411",Europe,Scotland,Glasgow,https://en.wikipedia.org/wiki/File:Emirates_Stadium_-_East_stand_Club_Level.jpg,Arsenal
115,Estadio de la UNSA,"60,370",South America,Peru,Arequipa,https://en.wikipedia.org/wiki/File:%E6%B7%B1%E5%9C%B3%E9%BE%99%E5%B2%97%E5%A4%A7%E8%BF%90%E4%B8%AD%E5%BF%83%E4%BD%93%E8%82%B2%E9%A6%86%E5%86%85%E9%83%A8.jpg,
116,Emirates Stadium,"60,338",Europe,England,London,https://en.wikipedia.org/wiki/File:Estadio_Centenario_2021.jpg,Uruguay national football team
117,Shenzhen Universiade Sports Centre Stadium,"60,334",East Asia,China,"Shenzhen,Guangdong",https://en.wikipedia.org/wiki/File:Arruda_em_novembro_de_2013.JPG,Santa Cruz FC
118,Estadio Centenario,"60,235",South America,Uruguay,Montevideo,https://en.wikipedia.org/wiki/File:Al_Bayt_Stadium_architecture.jpg,
119,Estádio José do Rego Maciel,"60,044",South America,Brazil,"Recife,Pernambuco",https://en.wikipedia.org/wiki/File:Tanzania_National_Main_Stadium_Aerial.jpg,"Tanzania national football team,Young Africans"
120,Al-Bayt Stadium,"60,000",West Asia,Qatar,Al-Khor,https://en.wikipedia.org/wiki/File:Hefei_Olympic_Sports_Center_Stadium.jpg,Anhui Jiufang
121,Benjamin Mkapa National Stadium,"60,000",Africa,Tanzania,Dar es-Salaam,https://en.wikipedia.org/wiki/File:Jaber_Al-Ahmad_International_Stadium_2019_local.png,Kuwait national football team
122,Hefei Olympic Sports Centre Stadium,"60,000",East Asia,China,"Hefei,Anhui",https://en.wikipedia.org/wiki/File:Mozambique-Tunisia_match_2009.jpg,Tunisia national football team
123,Jaber al-Ahmad International Stadium,"60,000",West Asia,Kuwait,Kuwait City,"https://en.wikipedia.org/wiki/File:Jawaharlal_Nehru_Stadium,_New_Delhi.png",
124,Hammadi Agrebi Stadium,"60,000",Africa,Tunisia,Tunis,https://en.wikipedia.org/wiki/File:Mogadishustadium.jpg,Somalia national football team
125,Jawaharlal Nehru Stadium,"60,000",South Asia,India,New Delhi,https://en.wikipedia.org/wiki/File:Inauguration_of_Edgar_Lungu.jpg,Zambian national football team
126,Mogadishu Stadium,"60,000",Africa,Somalia,Mogadishu,https://en.wikipedia.org/wiki/File:Autzen_Stadium_at_night.jpg,
128,Autzen Stadium,"60,000",North America,United States,"Eugene, Oregon",https://en.wikipedia.org/wiki/File:Morodok_Techo_National_Stadium.jpg,Cambodia national football team
129,Odi Stadium,"60,000",Africa,South Africa,"Mabopane, Gauteng",https://en.wikipedia.org/wiki/File:Shenyang_Olympic_Sports_Center_Stadium_drone_view_1.jpg,
130,Morodok Techo National Stadium,"60,000",Southeast Asia,Cambodia,Phnom Penh,https://en.wikipedia.org/wiki/File:Estadio_Monumental_de_Barcelona.jpg,Barcelona Sporting Club
131,Shenyang Olympic Sports Centre Stadium,"60,000",East Asia,China,"Shenyang,Liaoning",https://en.wikipedia.org/wiki/File:Stade_Lumi%C3%A8re.jpg,Olympique Lyonnais
132,Optus Stadium,"60,000",Oceania,Australia,"Perth, Western Australia",https://en.wikipedia.org/wiki/File:Chongqing_Olympic_Stadium.jpg,
133,Estadio Monumental Isidro Romero Carbo,"59,283",South America,Ecuador,Guayaquil,https://en.wikipedia.org/wiki/File:National_Stadium_panorama.jpg,Poland national football team
134,Groupama Stadium,"59,186",Europe,France,Décines-Charpieu,https://en.wikipedia.org/wiki/File:Nuoviseggiolinisannicola.jpg,SSC Bari
135,Chongqing Olympic Sports Centre Stadium,"58,680",East Asia,China,Chongqing,https://en.wikipedia.org/wiki/File:FedexField2014.jpg,Washington Commanders
136,Kazimierz Górski National Stadium,"58,580",Europe,Poland,Warsaw,https://en.wikipedia.org/wiki/File:Commerzbank-Arena_(Haupttrib%C3%BCne).JPG,Eintracht Frankfurt
137,Stadio San Nicola,"58,270",Europe,Italy,"Bari, Apulia",https://en.wikipedia.org/wiki/File:Panoramio_-_V%26A_Dudush_-_Estadio_Ol%C3%ADmpico_57_619.jpg,
138,Commanders Field,"58,000",North America,United States,"Landover, Maryland",https://en.wikipedia.org/wiki/File:Carter_Finley_Stadium_at_Sunset.jpg,NC State Wolfpack football
139,Deutsche Bank Park,"58,000",Europe,Germany,Frankfurt,https://en.wikipedia.org/wiki/File:La_Bombonera.jpg,CA Boca Juniors
140,Estadio La Cartuja de Sevilla,"57,619",Europe,Spain,Seville,https://en.wikipedia.org/wiki/File:Volksparkstadion_Panorama.jpg,Hamburger SV
141,Carter–Finley Stadium,"57,583",North America,United States,"Raleigh, North Carolina",https://en.wikipedia.org/wiki/File:Estadio_Kempes_luego_de_finalizar_un_partido.jpg,"Talleres de Córdoba, someBelgrano de Córdobamatches."
142,Estadio Alberto J. Armando,"57,200",South America,Argentina,Buenos Aires,https://en.wikipedia.org/wiki/File:JinanOlympic.JPG,Shandong Taishan
143,Volksparkstadion,"57,030",Europe,Germany,Hamburg,https://en.wikipedia.org/wiki/File:Estadio_Jalisco_06022022.jpg,Atlas
144,Estadio Mario Alberto Kempes,"57,000",South America,Argentina,Córdoba,https://en.wikipedia.org/wiki/File:Commonwealth_Stadium.jpg,"Edmonton Elks,Canadian men'sandwomen'snational teams"
145,Jinan Olympic Sports Centre Stadium,"56,808",East Asia,China,"Jinan,Shandong",https://en.wikipedia.org/wiki/File:Dodger_Stadium_field_from_upper_deck_2015-10-04.jpg,Los Angeles Dodgers
146,Estadio Jalisco,"56,713",North America,Mexico,"Guadalajara, Jalisco",https://en.wikipedia.org/wiki/File:Annaba_Stadium.jpg,USM Annaba
147,Commonwealth Stadium,"56,302",North America,Canada,"Edmonton, Alberta","https://en.wikipedia.org/wiki/File:Estadi_Ol%C3%ADmpic_Llu%C3%ADs_Companys_-_Barcelona,_Spain_-_Jan_2007.jpg",
148,Dodger Stadium,"56,000",North America,United States,Los Angeles,https://en.wikipedia.org/wiki/File:Arena_do_Gr%C3%AAmio.jpg,Grêmio FBPA
149,Stade du 19-mai-1956,"56,000",Africa,Algeria,Annaba,https://en.wikipedia.org/wiki/File:Stadionul_National_-_National_Arena_3.jpg,Romania national football team
150,Estadi Olímpic Lluís Companys,"55,926",Europe,Spain,"Barcelona, Catalonia",https://en.wikipedia.org/wiki/File:Zvezda_stadion.jpg,"Red Star Belgrade,Serbia national football team"
151,Arena do Grêmio,"55,662",South America,Brazil,"Porto Alegre, Rio Grande do Sul",https://en.wikipedia.org/wiki/File:Widok_bramka.jpg,"Poland national football team,Ruch Chorzów"
152,Arena Națională,"55,634",Europe,Romania,Bucharest,https://en.wikipedia.org/wiki/File:Etihad_Stadium.jpg,Manchester City
153,Stadion Rajko Mitić,"55,538",Europe,Serbia,Belgrade,https://en.wikipedia.org/wiki/File:CAMP_DE_MESTALLA_GRADA_DE_LA_MAR_2014_(2).JPG,Valencia CF
154,Stadion Śląski,"55,211",Europe,Poland,Chorzów,https://en.wikipedia.org/wiki/File:SingaporeNationalStadiumJapanBrazilFootball.jpg,Singapore national football team
155,Etihad Stadium,"55,097",Europe,England,"Manchester, North West England",https://en.wikipedia.org/wiki/File:The_Main_Stadium_for_2009_World_Games_panorama.jpg,Chinese Taipei national football team
156,Mestalla,"55,000",Europe,Spain,Valencia,https://en.wikipedia.org/wiki/File:Helong_Stadium.jpg,
157,National Stadium,"55,000",Southeast Asia,Singapore,Singapore,https://en.wikipedia.org/wiki/File:Cape_Town_Stadium_Inside.jpg,"Cape Town City FC,DHL Western Cape Stormers"
158,National Stadium,"55,000",East Asia,Taiwan,Kaohsiung,https://en.wikipedia.org/wiki/File:Plovdiv_Stadium.JPG,
159,He Long Stadium,"55,000",East Asia,China,"Changsha,Hunan",https://en.wikipedia.org/wiki/File:BDS2013.jpg,Georgia Tech Yellow Jackets football
160,Cape Town Stadium,"55,000",Africa,South Africa,"Cape Town, Western Cape",https://en.wikipedia.org/wiki/File:Ajax_0_Chelsea_1_(23Oct19).jpg,AFC Ajax
161,Plovdiv Stadium,"55,000",Europe,Bulgaria,Plovdiv,https://en.wikipedia.org/wiki/File:Tianhe_Stadium.jpg,
162,Bobby Dodd Stadium,"55,000",North America,United States,Atlanta,https://en.wikipedia.org/wiki/File:Braciere_olimpico_XXX_Universiade_Napoli_2019.jpg,SSC Napoli
163,Johan Cruijff Arena,"54,990",Europe,Netherlands,Amsterdam,https://en.wikipedia.org/wiki/File:Tianjin_Olympic_Center_Stadium.jpg,Tianjin Teda
164,Tianhe Stadium,"54,856",East Asia,China,"Guangzhou,Guangdong",https://en.wikipedia.org/wiki/File:LTU_arena_panorama.jpg,Fortuna Düsseldorf
165,Stadio Diego Armando Maradona,"54,726",Europe,Italy,Naples,"https://en.wikipedia.org/wiki/File:Boris_Paichadze_Dinamo_Arena,_Samtredia_-_Qaraba%C4%9F.jpg","Georgia national football team,FC Dinamo Tbilisi"
166,Tianjin Olympic Sports Centre Stadium,"54,696",East Asia,China,Tianjin,https://en.wikipedia.org/wiki/File:Wuhan_Sport_Centre_01.jpg,
167,MERKUR SPIEL-ARENA,"54,600",Europe,Germany,Düsseldorf,https://en.wikipedia.org/wiki/File:BC_Place_2015_Women%27s_FIFA_World_Cup.jpg,"Vancouver Whitecaps FC,BC Lions"
168,Boris Paitchadze Dinamo Arena,"54,549",West Asia,Georgia,Tbilisi,https://en.wikipedia.org/wiki/File:YankeeStadium-9-21-22-1.jpg,"New York Yankees,New York City FC"
169,Wuhan Sports Centre Stadium,"54,357",East Asia,China,"Wuhan,Hubei",https://en.wikipedia.org/wiki/File:HrazdanArmeniaTurkey.JPG,"FC Ararat Yerevan,Ulisses FC"
170,BC Place Stadium,"54,320",North America,Canada,"Vancouver, British Columbia",https://en.wikipedia.org/wiki/File:Borussia-Park_DEU-FRA_2011.jpg,Borussia Mönchengladbach
171,Yankee Stadium,"54,251",North America,United States,New York City,https://en.wikipedia.org/wiki/File:FIFA_World_Cup_2010_Netherlands_Japan.jpg,"AmaZulu FC,Cell C Durban Sharks"
172,Hrazdan Stadium,"54,208",West Asia,Armenia,Yerevan,https://en.wikipedia.org/wiki/File:BusanAsiadStadium.jpg,Busan IPark
173,BORUSSIA-PARK,"54,057",Europe,Germany,Mönchengladbach,https://en.wikipedia.org/wiki/File:Mangueir%C3%A3o_em_2023.jpg,"Paysandu SC,Clube do Remo,Tuna Luso Brasileira,SC Belem"
174,Moses Mabhida Stadium,"54,000",Africa,South Africa,"Durban, KwaZulu-Natal",https://en.wikipedia.org/wiki/File:EstadioUnicoLaPlata_Interior_June2014.jpg,
175,Busan Asiad Main Stadium,"53,864",East Asia,South Korea,Busan,https://en.wikipedia.org/wiki/File:After_Game_Kick_and_Catch_(13750115664).jpg,"Adelaide Crows,Port Adelaide Power"
176,Estádio Estadual Jornalista Edgar Augusto Proença,"53,645",South America,Brazil,"Belém,Pará",https://en.wikipedia.org/wiki/File:Melbourne_Derby_December_2014.jpg,"Western Bulldogs,Essendon,St. Kilda,Carlton,North Melbourne"
177,Estadio Único Diego Armando Maradona,"53,600",South America,Argentina,La Plata,https://en.wikipedia.org/wiki/File:Est%C3%A1dio_Parque_do_Sabi%C3%A1.jpg,Uberlânia EC
178,Adelaide Oval,"53,500",Oceania,Australia,"Adelaide, South Australia","https://en.wikipedia.org/wiki/File:San_Mames,_Bilbao,_Euskal_Herria_-_Basque_Country.jpg",Athletic Bilbao
179,Docklands Stadium,"53,359",Oceania,Australia,"Melbourne, Victoria","https://en.wikipedia.org/wiki/File:Aleppo_International_Stadium,_day_view,_2009_(1).jpg",Al-Ittihad
180,Estádio Municipal João Havelange,"53,350",South America,Brazil,"Uberlândia, Minas Gerais",https://en.wikipedia.org/wiki/File:Estadio_Nacional_nuevo_07_10_2011.jpg,Peru national football team
181,San Mamés,"53,332",Europe,Spain,Bilbao,https://en.wikipedia.org/wiki/File:Hangzhou-yellow-dragon-stad.jpg,Hangzhou FC
182,Aleppo International Stadium,"53,200",West Asia,Syria,Aleppo,https://en.wikipedia.org/wiki/File:Galatasaray_Arena_North-West_Corner.jpg,Galatasaray
183,Estadio Nacional,"53,086",South America,Peru,Lima,https://en.wikipedia.org/wiki/File:Suncorpstadium071006a.JPG,"Brisbane Broncos,Queensland Maroons,Brisbane Roar FC,Queensland Reds"
184,Huanglong Stadium,"52,672",East Asia,China,"Hangzhou,Zhejiang",https://en.wikipedia.org/wiki/File:StJamesParkPanorama.jpg,Newcastle United
185,RAMS Park,"52,652",Europe,Turkey,Istanbul,https://en.wikipedia.org/wiki/File:Kings_Park_panorama.jpg,"Lamontville Golden Arrows,Cell C Durban Sharks"
186,Suncorp Stadium,"52,500",Oceania,Australia,"Brisbane, Queensland",https://en.wikipedia.org/wiki/File:Proudly_South_African.jpg,
187,St. James' Park,"52,405",Europe,England,"Newcastle upon Tyne, North East","https://en.wikipedia.org/wiki/File:Hampden_Park,_January_2023.jpg","Scotland national football team,Queen's Park"
188,Kings Park Stadium,"52,000",Africa,South Africa,"Durban, KwaZulu-Natal",https://en.wikipedia.org/wiki/File:Monumental_de_maturin_3.jpg,Monagas Sport Club
189,Newlands Stadium,"51,900",Africa,South Africa,"Cape Town, Western Cape",https://en.wikipedia.org/wiki/File:Loftus_Versfeld_Game_Night.JPG,SuperSport UnitedandVodacom Pretoria Bulls
190,Hampden Park,"51,866",Europe,Scotland,Glasgow,https://en.wikipedia.org/wiki/File:Aviva_Stadium_Panoramic.jpg,"Leinster Rugby,Republic of Ireland national football team,Ireland national rugby union team"
191,Estadio Monumental de Maturín,"51,796",South America,Venezuela,Maturín,https://en.wikipedia.org/wiki/File:Guiyang_Olympic_Sports_Center.jpg,
192,Loftus Versfeld Stadium,"51,762",Africa,South Africa,"Pretoria, Gauteng",https://en.wikipedia.org/wiki/File:Hohhot_City_Stadium.jpg,
193,Aviva Stadium,"51,700",Europe,Ireland,Dublin,https://en.wikipedia.org/wiki/File:Rajamangala_Stadium_Panorama.jpg,Thailand national football team
194,Guiyang Olympic Sports Centre Stadium,"51,638",East Asia,China,"Guiyang,Guizhou",https://en.wikipedia.org/wiki/File:Donbass_Arena.jpg,
195,Hohhot City Stadium,"51,632",East Asia,China,"Hohhot,Inner Mongolia",https://en.wikipedia.org/wiki/File:Panoramica_Cilindro.jpg,Racing Club de Avellaneda
196,Rajamangala National Stadium,"51,552",Southeast Asia,Thailand,Bangkok,https://en.wikipedia.org/wiki/File:%C4%B0zmir_Atat%C3%BCrk_Stadyumu.jpg,"Altay SK,Göztepe AŞ"
197,Donbass Arena,"51,504",Europe,Ukraine,Donetsk,https://en.wikipedia.org/wiki/File:Rotterdam_De_Kuip_1.jpg,Feyenoord
198,Estadio Presidente Juan Domingo Perón,"51,389",South America,Argentina,Avellaneda,https://en.wikipedia.org/wiki/File:Estadio_BBVA.jpg,CF Monterrey
199,İzmir Atatürk Stadyumu,"51,295",West Asia,Turkey,İzmir,https://en.wikipedia.org/wiki/File:Al-Ghadeer_Stadium.jpg,Foolad FC
200,Stadion Feijenoord,"51,117",Europe,Netherlands,Rotterdam,https://en.wikipedia.org/wiki/File:Beira-Rio-Stadium-Porto-Alegre-Brazil.jpg,SC Internacional
201,Estadio BBVA,"51,000",North America,Mexico,Monterrey,https://en.wikipedia.org/wiki/File:Rangers-SM_(1).jpg,Rangers FC
202,Ghadir Stadium,"51,000",West Asia,Iran,Ahvaz,https://en.wikipedia.org/wiki/File:Ecopa030304.jpg,"Júbilo Iwata,Shimizu S-Pulse,Shizuoka Blue Revs"
203,Estádio José Pinheiro Borda,"50,942",South America,Brazil,Porto Alegre.Rio Grande do Sul,https://en.wikipedia.org/wiki/File:EM_2008_Elfmeter_Kroatien_%C3%96sterreich.jpg,Austria national football team
204,Ibrox Stadium,"50,817",Europe,Scotland,Glasgow,https://en.wikipedia.org/wiki/File:MNUFCTCF.jpeg,Minnesota Golden Gophers football
205,Shizuoka Stadium,"50,889",East Asia,Japan,"Fukuroi, Shizuoka",https://en.wikipedia.org/wiki/File:Rampa_norte.jpg,Puebla FC
206,Ernst-Happel-Stadion,"50,865",Europe,Austria,Vienna,https://en.wikipedia.org/wiki/File:FriendsArena_SwedenSpain.jpg,"Sweden men's national football team,AIK Fotboll"
207,Huntington Bank Stadium,"50,805",North America,United States,Minneapolis,https://en.wikipedia.org/wiki/File:Sukrusaracoglu.jpg,Fenerbahçe
208,Estadio Cuauhtémoc,"50,754",North America,Mexico,Puebla,https://en.wikipedia.org/wiki/File:2008-1115-006-USC-Stanford-PAN.jpg,
209,Strawberry Arena,"50,653",Europe,Sweden,Solna,https://en.wikipedia.org/wiki/File:Mauroy_Stadium_Eurobasket_2015.JPG,Lille OSC
210,Ülker Stadyumu,"50,509",West Asia,Turkey,Istanbul,https://en.wikipedia.org/wiki/File:Stade_Roi_Baudouin.JPG,Belgium national football team
212,Stade Pierre-Mauroy,"50,186",Europe,France,Villeneuve-d'Ascq,https://en.wikipedia.org/wiki/File:Ajinomoto_Stadium_2018-13.jpg,"FC Tokyo,Tokyo Verdy,Tokyo Sungoliath,Toshiba Brave Lupus Tokyo"
213,Stade Roi Baudouin,"50,122",Europe,Belgium,Brussels,https://en.wikipedia.org/wiki/File:Alvalade0023.jpg,Sporting CP
214,Shaanxi Province Stadium,"50,100",East Asia,China,"Xi'an,Shaanxi",https://en.wikipedia.org/wiki/File:Porto_Est%C3%A1dio_do_Drag%C3%A3o_2.jpg,FC Porto
215,Ajinomoto Stadium,"50,100",East Asia,Japan,"Chofu, Tokyo",https://en.wikipedia.org/wiki/File:Stade_olympique_de_Sousse.jpg,Étoile du Sahel
216,Estádio José Alvalade,"50,095",Europe,Portugal,Lisbon,https://en.wikipedia.org/wiki/File:FIFA_WM06_Stadion_Koeln.jpg,1. FC Köln
218,Casa de Apostas Arena Fonte Nova,"50,025",South America,Brazil,"Salvador, Bahia",https://en.wikipedia.org/wiki/File:Greenfield_International_Stadium_Kerala.jpg,
219,Stade Olympique de Sousse,"50,000",Africa,Tunisia,Sousse,https://en.wikipedia.org/wiki/File:Kozhikode_EMS_Stadium.jpg,"India national football team,Gokulam Kerala FC"
220,RheinEnergieSTADION,"50,000",Europe,Germany,Cologne,https://en.wikipedia.org/wiki/File:K_D_Singh_Babu_Stadium.jpg,
221,Harbin Sports City Centre Stadium,"50,000",East Asia,China,"Harbin,Heilongjiang",https://en.wikipedia.org/wiki/File:Auckland_EdenPark.jpg,"Auckland Blues,New Zealand Warriors"
224,KD Singh Babu Stadium,"50,000",South Asia,India,Lucknow,https://en.wikipedia.org/wiki/File:Frankenstadion_2.JPG,1. FC Nürnberg
225,Eden Park,"50,000",Oceania,New Zealand,Auckland,https://en.wikipedia.org/wiki/File:11_June_Stadium_BenTaher.jpg,"Libya,Al-Ahly SC,Al-Ittihad Tripoli,Al-Madina SC"
227,Henan Provincial Stadium,"50,000",East Asia,China,"Zhengzhou,Henan","https://en.wikipedia.org/wiki/File:North_Korea_v_Philippines,_8_October_2015_F.png",Pyongyang City Sports Club
228,Jiangxi Olympic Sports Center,"50,000",East Asia,China,"Nanchang,Jiangxi",https://en.wikipedia.org/wiki/File:Pars_Stadium_Photos_Image_6.jpg,Fajr Sepasi Shiraz FC
230,June 11 Stadium,"50,000",Africa,Libya,Tripoli,https://en.wikipedia.org/wiki/File:Sultan_Mizan_Zainal_Abidin_Stadium_(Night)_2021.jpg,Terengganu FA
231,Xinjiang Sports Centre Stadium,"50,000",East Asia,China,"Urumqi,Xinjiang",https://en.wikipedia.org/wiki/File:Omnilife_Stadium.png,C.D. Guadalajara
232,Kim Il-sung Stadium,"50,000",East Asia,North Korea,Pyongyang,https://en.wikipedia.org/wiki/File:Kaiserslautern_18.JPG,1. FC Kaiserslautern
233,EDION Stadium Hiroshima,"50,000",East Asia,Japan,Hiroshima,https://en.wikipedia.org/wiki/File:Argentina_A_vs_Inglaterra_A_02.JPG,CA Vélez Sársfield
234,Pars Shiraz Stadium,"50,000",West Asia,Iran,Shiraz,https://en.wikipedia.org/wiki/File:Camille_Chamoun_Sports_City_Stadium_2018_-_Beirut_derby_(Nejmeh_fans).png,"Lebanon national football team,Al Ahed FC,Al Ansar FC,Nejmeh SC"
235,Stade du 26 mars,"50,000",Africa,Mali,Bamako,https://en.wikipedia.org/wiki/File:MiyagiStadiumTrackField.jpg,Vegalta Sendai
236,Stade Abdoulaye Wade,"50,000",Africa,Senegal,Dakar,https://en.wikipedia.org/wiki/File:Munhak_Stadium_Corner.jpg,
237,Sultan Mizan Zainal Abidin Stadium,"50,000",Southeast Asia,Malaysia,Kuala Terengganu,https://en.wikipedia.org/wiki/File:PSG-Nantes_Parc_des_Princes_05.jpg,Paris Saint-Germain
238,Estadio Akron,"49,850",North America,Mexico,Guadalajara,"https://en.wikipedia.org/wiki/File:Stadium_of_Light,_Sunderland_afc.jpg",Sunderland AFC
239,Levy Mwanawasa Stadium,"49,800",Africa,Zambia,Lusaka,https://en.wikipedia.org/wiki/File:Adios_Matador.jpg,"Chile national football team,CF Universidad de Chile"
240,Fritz-Walter-Stadion,"49,780",Europe,Germany,Kaiserslautern,https://en.wikipedia.org/wiki/File:Estadio_huracan_interior_tribuna_gcba.jpg,CA Huracán
241,Estadio José Amalfitani,"49,540",South America,Argentina,Buenos Aires,https://en.wikipedia.org/wiki/File:Jinnah_Sports_Stadium_track_and_field.jpg,Pakistan national football team
242,Camille Chamoun Sports City Stadium,"49,500",West Asia,Lebanon,Beirut,https://en.wikipedia.org/wiki/File:Estadio_Libertadores_de_America_2014.JPG,Club Atlético Independiente
243,Miyagi Stadium,"49,133",East Asia,Japan,"Rifu, Miyagi",https://en.wikipedia.org/wiki/File:Free_State_Stadium1.jpg,"Bloemfontein Celtic,Toyota Cheetahs"
244,Incheon Munhak Stadium,"49,084",East Asia,South Korea,Incheon,https://en.wikipedia.org/wiki/File:Nagai_stadium20040717.jpg,"Cerezo Osaka,NTT DoCoMo Red Hurricanes Osaka"
245,Heinz-von-Heiden-Arena,"49,000",Europe,Germany,Hanover,https://en.wikipedia.org/wiki/File:Corinthians_x_Gr%C3%AAmio_-_Brasileir%C3%A3o_2016.jpg,Corinthians
246,Parc des Princes,"48,712",Europe,France,Paris,https://en.wikipedia.org/wiki/File:Toronto_-_ON_-_Rogers_Centre2.jpg,"Toronto FC,Toronto Argonauts"
247,Stadium of Light,"48,707",Europe,England,"Sunderland, Tyne and Wear",https://en.wikipedia.org/wiki/File:Estadio_Monumental_2009.jpg,Colo-Colo
248,Estadio Nacional,"48,665",South America,Chile,Santiago,"https://en.wikipedia.org/wiki/File:Soccer_in_Florence,_Italy,_2007.jpg",ACF Fiorentina
249,Nelson Mandela Bay Stadium,"48,459",Africa,South Africa,"Port Elizabeth, Eastern Cape",https://en.wikipedia.org/wiki/File:Editat%C3%B3n_Club_Lan%C3%BAs_-_Instalaciones_(8).JPG,CA Lanús
250,Estadio Tomás Adolfo Ducó,"48,314",South America,Argentina,Buenos Aires,https://en.wikipedia.org/wiki/File:Estadio_Metropolitano_de_Baranquilla_2011.jpg,"Colombia national football team,Atlético Junior"
251,Jinnah Sports Stadium,"48,200",South Asia,Pakistan,Islamabad,https://en.wikipedia.org/wiki/File:Est%C3%A1dio_Municipal_Jo%C3%A3o_Havelange_14072007.jpg,Botafogo FR
252,Estadio Libertadores de América,"48,069",South America,Argentina,Avellaneda,https://en.wikipedia.org/wiki/File:Panorama_of_Arena_Pernambuco.jpg,Náutico
253,Free State Stadium,"48,000",Africa,South Africa,"Bloemfontein, Free State",https://en.wikipedia.org/wiki/File:Arena_MRV_em_obras_vista_da_Via_Expressa_(dezembro_de_2022).jpg,C Atlético Mineiro
254,Nagai Stadium,"47,816",East Asia,Japan,Osaka,https://en.wikipedia.org/wiki/File:Derby_Paulista_(Corinthians-Palmeiras)_Paulist%C3%A3o_2009.jpg,Grêmio Prudente
255,Neo Química Arena,"47,605",South America,Brazil,"São Paulo, São Paulo",https://en.wikipedia.org/wiki/File:Atanasio_Girardot_Stadium.jpg,"Atlético Nacional,Independiente Medellín"
256,Rogers Centre,"47,568",North America,Canada,"Toronto, Ontario",https://en.wikipedia.org/wiki/File:Sevilla2-1Lega20182.jpg,Sevilla FC
257,Estadio Monumental,"47,347",South America,Chile,Santiago,https://en.wikipedia.org/wiki/File:Stade-Adrar2019.png,Hassania Agadir
258,Stadio Artemio Franchi,"47,282",Europe,Italy,Florence,https://en.wikipedia.org/wiki/File:Match_veteranov_Spartaka_(13).jpg,Spartak Moscow
259,Estadio Ciudad de Lanús – Néstor Díaz Pérez,"47,027",South America,Argentina,Lanús,https://en.wikipedia.org/wiki/File:Stade_de_marrakech.jpg,Kawkab Marrakech
260,Estadio Metropolitano Roberto Meléndez,"46,788",South America,Colombia,Barranquilla,"https://en.wikipedia.org/wiki/File:Mandela_National_Stadium,_Uganda.JPG",Uganda national football team
261,Estádio Olímpico Nilton Santos,"46,831",South America,Brazil,"Rio de Janeiro, Rio de Janeiro",https://en.wikipedia.org/wiki/File:Wroc%C5%82aw_Municipal_Stadium_-_Euro_2012_(panorama).jpg,Śląsk Wrocław
262,Itaipava Arena Pernambuco,"46,154",South America,Brazil,"São Lourenço da Mata,Pernambuco",https://en.wikipedia.org/wiki/File:Poland_v._Colombia_(42095441565).jpg,Rubin Kazan
263,Arena MRV,"46,000",South America,Brazil,"Belo Horizonte,Minas Gerais",https://en.wikipedia.org/wiki/File:Estadio_garcilaso_cienciano.jpg,"CS Cienciano,Deportivo Garcilaso,Cusco FC"
267,Adrar Stadium,"45,480",Africa,Morocco,Agadir,https://en.wikipedia.org/wiki/File:Estadio_General_Pablo_Rojas.jpg,Club Cerro Porteño
268,Lukoil Arena,"45,360",Europe,Russia,Moscow,"https://en.wikipedia.org/wiki/File:Stade_Mohamed_V,_Casablanca.jpg","Wydad,Raja"
273,Estadio Inca Garcilaso de la Vega,"45,056",South America,Peru,Cusco,"https://en.wikipedia.org/wiki/File:Stadium_Tuanku_Abdul_Rahman,_Paroi.jpg","ATM FA,Negeri Sembilan"
274,Estádio da Machava,"45,000",Africa,Mozambique,Maputo,https://en.wikipedia.org/wiki/File:Complexe_sportif_de_F%C3%A8s.jpg,"Wydad de Fès,Maghreb de Fès"
276,Stadion Harapan Banga,"45,000",Southeast Asia,Indonesia,"Banda Aceh, Aceh",https://en.wikipedia.org/wiki/File:Abu_Dhabi_Zayed_Sports_City_Stadium_2.jpg,
278,Stade Mohammed V,"45,000",Africa,Morocco,Casablanca,https://en.wikipedia.org/wiki/File:0253l.jpg,"EC Comercial,Operário FC"
279,Latakia Sports City Stadium,"45,000",West Asia,Syria,Latakia,https://en.wikipedia.org/wiki/File:Munsu_20121110_204310_5.jpg,Ulsan HD FC
280,Zibo Sports Centre Stadium,"45,000",East Asia,China,"Zibo,Shandong",https://en.wikipedia.org/wiki/File:Arena_Amaz%C3%B4nia_Manaus.jpg,Nacional FC
281,Weifang Sports Centre Stadium,"45,000",East Asia,China,"Weifang,Shandong",https://en.wikipedia.org/wiki/File:Riau_Main_Stadium_(cropped).JPG,PSPS Pekanbaru
282,Yantai Sports Park Stadium,"45,000",East Asia,China,"Yantai,Shandong",https://en.wikipedia.org/wiki/File:SHANGDONGSPORTS.jpg,
283,Stadium Tuanku Abdul Rahman,"45,000",Southeast Asia,Malaysia,Seremban,https://en.wikipedia.org/wiki/File:Platea_Este_Nuevo_Gasometro_1.jpg,CA San Lorenzo de Almagro
284,Stade du Complexe sportif de Fès,"45,000",Africa,Morocco,Fes,https://en.wikipedia.org/wiki/File:Stadion_Miejski_w_Poznaniu_2013_panorama.jpg,"Lech Poznań,Warta Poznań"
285,Lagos National Stadium,"45,000",Africa,Nigeria,Lagos,https://en.wikipedia.org/wiki/File:Vasil_Levski_National_Stadium_2022.jpg,Bulgaria national football team
286,Egyptian Army Stadium,"45,000",Africa,Egypt,Suez,"https://en.wikipedia.org/wiki/File:Ullevi_stadium,_23_june_2018.png",Sweden women's national football team
287,Toyota Stadium,"45,000",East Asia,Japan,"Toyota City,Aichi",https://en.wikipedia.org/wiki/File:Cucuta704.jpg,Cúcuta Deportivo
288,Zayed Sports City Stadium,"45,000",West Asia,United Arab Emirates,Abu Dhabi,https://en.wikipedia.org/wiki/File:Villa_Stadion_panorama_2016.jpg,Aston Villa
289,Red Bull Arena,"44,345",Europe,Germany,Leipzig,https://en.wikipedia.org/wiki/File:Perak_Stadium.JPG,Perak FA
290,Estádio Governador Alberto Tavares Silva,"44,200",South America,Brazil,Teresina,https://en.wikipedia.org/wiki/File:%EC%A0%84%EC%A3%BC%EC%9B%94%EB%93%9C%EC%BB%B5%EA%B2%BD%EA%B8%B0%EC%9E%A5.jpg,Jeonbuk Hyundai Motors FC
291,Estádio Universitário Pedro Pedrossian,"44,200",South America,Brazil,"Campo Grande,Mato Grosso do Sul",https://en.wikipedia.org/wiki/File:Weserstadion_panorama.JPG,SV Werder Bremen
292,Ulsan Munsu Football Stadium,"44,102",East Asia,South Korea,Ulsan,https://en.wikipedia.org/wiki/File:Bigswan080628.JPG,Albirex Niigata
293,Arena Pantanal,"44,097",South America,Brazil,"Cuiabá, Mato Grosso",https://en.wikipedia.org/wiki/File:Metropolitanodemeridacopamerica.jpg,Estudiantes de Mérida
294,Arena da Amazônia,"44,000",South America,Brazil,"Manaus, Amazonas",https://en.wikipedia.org/wiki/File:Daejeon_World_Cup_Stadium.JPG,Daejeon Citizen
295,Suwon World Cup Stadium,"43,959",East Asia,South Korea,Suwon,https://en.wikipedia.org/wiki/File:500px_photo_(165733217).jpeg,FC Girondins de Bordeaux
296,Stadion Utama Riau,"43,923",Southeast Asia,Indonesia,"Pekanbaru,Riau",https://en.wikipedia.org/wiki/File:Olympiastadion_2_2020-08-12.jpg,Finland national football team
297,Allianz Parque,"43,713",South America,Brazil,"São Paulo, São Paulo",https://en.wikipedia.org/wiki/File:Serra_Dourada_Lotado.jpg,"Goiás Esporte Clube,Vila Nova,Atlético Goianiense"
298,Shandong Provincial Stadium,"43,700",East Asia,China,"Jinan,Shandong",https://en.wikipedia.org/wiki/File:SportingCali12.png,Deportivo Cali
299,Polsat Plus Arena Gdańsk,"43,615",Europe,Poland,Gdańsk,https://en.wikipedia.org/wiki/File:Estadio_Modelo_Lleno_2007_-_panoramio.jpg,"Club Sport Patria,Club Deportivo Everest,Panamá Sporting Club,Rocafuerte Fútbol Club"
301,Stadion Miejski w Poznaniu,"43,269",Europe,Poland,Poznań,https://en.wikipedia.org/wiki/File:Chengdu_Sports_Center.JPG,
302,Vasil Levski National Stadium,"43,230",Europe,Bulgaria,Sofia,"https://en.wikipedia.org/wiki/File:Royal_Bafokeng_Stadium,_Phokeng.jpg",
303,Estadio Universidad San Marcos,"43,000",South America,Peru,Lima,https://en.wikipedia.org/wiki/File:Estadio_Universitario_Concachampions.jpg,Tigres de la UANL
304,Ullevi,"43,000",Europe,Sweden,Gothenburg,https://en.wikipedia.org/wiki/File:Estadio_Brigadier_General_Estanislao_L%C3%B3pez_-_Col%C3%B3n_de_Santa_Fe.jpg,Club Atlético Colón
305,Jinzhou Binhai Sports Centre Stadium,"43,000",East Asia,China,Jinzhou,https://en.wikipedia.org/wiki/File:Estadio_Marcelo_Bielsa.jpg,Newell's Old Boys
306,Estadio General Santander,"42,901",South America,Colombia,Cúcuta,https://en.wikipedia.org/wiki/File:Vodafone_Park_Panorama.jpg,Beşiktaş J.K.
307,Villa Park,"42,682",Europe,England,"Birmingham,West Midlands",https://en.wikipedia.org/wiki/File:Teams_are_warming_up_(4738980575).jpg,Polokwane City FC
308,Perak Stadium,"42,500",Southeast Asia,Malaysia,Perak,https://en.wikipedia.org/wiki/File:Estadio_Gigante_de_Arroyito.jpg,Rosario Central
309,Jeonju World Cup Stadium,"42,477",East Asia,South Korea,Jeonju,https://en.wikipedia.org/wiki/File:CTE_Chamay_Aereo_Cut.jpg,"Atlético Club Mineros de Guayana,AC Minervén FC"
310,Ligga Arena,"42,372",South America,Brazil,"Curitiba,Paraná",https://en.wikipedia.org/wiki/File:Cl%C3%A1sico_Liga_de_Quito-Barcelona_de_Guayaquil.JPG,LDU
311,Weserstadion,"42,358",Europe,Germany,Bremen,https://en.wikipedia.org/wiki/File:Juventus_Stadium_in_Turin_-_Champions_League_2013-14_-_Juventus_v_Real_Madrid.jpg,Juventus FC
312,Denka Big Swan Stadium,"42,300",East Asia,Japan,"Niigata, Niigata",https://en.wikipedia.org/wiki/File:Sapporo_Dome_001.jpeg,Hokkaido Consadole Sapporo
313,Estadio Olimpico Metropolitano de Mérida,"42,200",South America,Venezuela,Mérida,"https://en.wikipedia.org/wiki/File:Stamford_Bridge,_Chelsea_vs_Nottingham_Forest,_5_January_2020.jpg",Chelsea
314,Daejeon World Cup Stadium,"42,176",East Asia,South Korea,Daejeon,https://en.wikipedia.org/wiki/File:Goyang_sta_1.JPG,
315,Matmut ATLANTIQUE,"42,115",Europe,France,Bordeaux,https://en.wikipedia.org/wiki/File:Hernando_Siles_Stadium_-_La_Paz.jpg,"La Paz FC,Club Bolívar,The Strongest"
316,Helsingin Olympiastadion,"42,062",Europe,Finland,Helsinki,https://en.wikipedia.org/wiki/File:BINGU_NATIONAL_STADIUM.jpg,"Flames,Big Bullets FC"
317,Estádio Serra Dourada,"42,000",South America,Brazil,"Goiânia,Goiás",https://en.wikipedia.org/wiki/File:Mbombela_Stadium_arena.jpg,
318,Estadio Deportivo Cali,"42,000",South America,Colombia,Cali,https://en.wikipedia.org/wiki/File:JPPachenchoRomero-16.jpg,"Deportivo JBL del Zulia,Deportivo Rayo Zuliano"
319,Estadio Modelo Alberto Spencer,"42,000",South America,Ecuador,Guayaquil,https://en.wikipedia.org/wiki/File:Nelson_Mandela_Stadium.jpg,Algeria national football team
320,Estádio do Zimpeto,"42,000",Africa,Mozambique,Maputo,https://en.wikipedia.org/wiki/File:Kashima_Soccer_Stadium_5.jpg,Kashima Antlers
321,Chengdu Sports Centre Stadium,"42,000",East Asia,China,"Chengdu,Sichuan",https://en.wikipedia.org/wiki/File:Est%C3%A1dio_Couto_Pereira.jpg,Coritiba Foot Ball Club
322,Royal Bafokeng Stadium,"42,000",Africa,South Africa,"Phokeng, North West",https://en.wikipedia.org/wiki/File:Estadicornellaelprat_1.jpg,RCD Espanyol
323,Estadio Universitario,"42,000",North America,Mexico,San Nicolás de los Garza,https://en.wikipedia.org/wiki/File:Estadio_Metropolitano_de_Lara.jpg,Unión Lara
324,Estadio Brigadier General Estanislao López,"42,000",South America,Argentina,Santa Fe,https://en.wikipedia.org/wiki/File:Estadio_Malvinas_Argentinas_2012.jpg,Godoy Cruz Antonio Tomba
325,Estadio Marcelo Bielsa,"42,000",South America,Argentina,Rosario,https://en.wikipedia.org/wiki/File:Lukas_Enembe_Stadium.jpg,Persipura Jayapura
326,Stade Geoffroy-Guichard,"41,965",Europe,France,Saint-Étienne,https://en.wikipedia.org/wiki/File:Gwangju_World_Cup_Stadium.jpg,Gwangju FC
327,Vodafone Park,"41,903",Europe,Turkey,Istanbul,https://en.wikipedia.org/wiki/File:Kh%C3%A1n_%C4%91%C3%A0i_B_-_S%C3%A2n_v%E1%BA%ADn_%C4%91%E1%BB%99ng_Qu%E1%BB%91c_gia_M%E1%BB%B9_%C4%90%C3%ACnh.jpg,Vietnam national football team
328,Peter Mokaba Stadium,"41,733",Africa,South Africa,Polokwane,https://en.wikipedia.org/wiki/File:Goodison_Park_August_2022.jpg,Everton FC
329,Estadio Gigante de Arroyito,"41,654",South America,Argentina,Rosario,"https://en.wikipedia.org/wiki/File:Est%C3%A1dio_Castel%C3%A3o_em_S%C3%A3o_Lu%C3%ADs,_Maranh%C3%A3o,_Brasil.jpg","Sampaio Corrêa FC,Moto Club SL,Maranhão AC"
330,Estadio Cachamay,"41,600",South America,Venezuela,Ciudad Guayana,https://en.wikipedia.org/wiki/File:Stade_de_Oran.jpg,"Algeria national football team,MC Oran"
331,Estadio de Liga Deportiva Universitaria,"41,596",South America,Ecuador,Quito,https://en.wikipedia.org/wiki/File:Estadio_Campe%C3%B3n_del_Siglo_setiembre_2021.jpg,Club Atlético Peñarol
332,Allianz Stadium,"41,507",Europe,Italy,"Turin, Piedmont",https://en.wikipedia.org/wiki/File:Metalist_Stadium_Kharkiv.jpg,"FC Metalist Kharkiv,FC Shakhtar Donetsk"
333,Sapporo Dome,"41,484",East Asia,Japan,"Sapporo,Hokkaido",https://en.wikipedia.org/wiki/File:Visita_ao_est%C3%A1dio_de_futebol_Al_Janoub_1.jpg,
334,Stamford Bridge,"41,663",Europe,England,London,https://en.wikipedia.org/wiki/File:Al_Thumama_Stadium_(2).jpg,
335,Goyang Stadium,"41,311",East Asia,South Korea,Goyang,https://en.wikipedia.org/wiki/File:Stade_Ahmed_Zabana_2.jpg,MC Oran
336,Estadio Hernando Siles,"41,143",South America,Bolivia,La Paz,https://en.wikipedia.org/wiki/File:2017-11-14_Batakan.jpg,Persiba Balikpapan
337,Bingu National Stadium,"41,100",Africa,Malawi,Lilongwe,https://en.wikipedia.org/wiki/File:Gelora_Joko_Samudro_Stadium_(2016).jpg,Gresik United
338,Mbombela Stadium,"40,929",Africa,South Africa,"Nelspruit, Mpumalanga",https://en.wikipedia.org/wiki/File:2017_Confederation_Cup_-_MEXNZL_-_Fisht.jpg,
339,Estadio José Pachencho Romero,"40,800",South America,Venezuela,Maracaibo,https://en.wikipedia.org/wiki/File:Rentschler_Field_2017.jpg,
340,Stade Nelson Mandela,"40,784",Africa,Algeria,Algiers,https://en.wikipedia.org/wiki/File:Jawaharlal_Nehru_Stadium_(Kochi)_in_2022.jpg,"Kerala Blasters,India national football team"
341,Kashima Football Stadium,"40,728",East Asia,Japan,"Kashima, Ibaraki",https://en.wikipedia.org/wiki/File:Stadium_Hang_Jebat_015342.jpg,Melaka United
342,Baba Yara Stadium,"40,528",Africa,Ghana,Kumasi,https://en.wikipedia.org/wiki/File:Hong_Kong_Stadium-1.jpg,South China AA
343,Estádio Major Antônio Couto Pereira,"40,502",South America,Brazil,"Curitiba, Paraná","https://en.wikipedia.org/wiki/File:Batu_Kawan_Stadium,Penang.jpg",Penang FA
345,Estadio Metropolitano de fútbol de Lara,"40,312",South America,Venezuela,Barquisimeto,https://en.wikipedia.org/wiki/File:Stadium_Sarawak.JPG,Sarawak FA
346,Estadio Malvinas Argentinas,"40,268",South America,Argentina,Mendoza,https://en.wikipedia.org/wiki/File:Aungsan_Stadium.jpg,Yangon United FC
347,Stadion Lukas Enembe,"40,263",Southeast Asia,Indonesia,Nolokla,https://en.wikipedia.org/wiki/File:%C5%8Cita_Stadium_2023-03.jpg,Ōita Trinita
348,Gwangju World Cup Stadium,"40,245",East Asia,South Korea,Gwangju,https://en.wikipedia.org/wiki/File:Stadium_Pahang.jpg,Pahang FA
349,Sân vận động Quốc gia Mỹ Đình,"40,192",Southeast Asia,Vietnam,Hanoi,https://en.wikipedia.org/wiki/File:Khalifa_International_Stadium.jpg,Qatar national football team
352,Stade Miloud-Hadefi,"40,143",Africa,Algeria,Oran,https://en.wikipedia.org/wiki/File:J.R.D._Tata_Stadium.jpg,"Jamshedpur FC,Tata Football Academy"
353,Estadio Campeón del Siglo,"40,005",South America,Uruguay,Montevideo,https://en.wikipedia.org/wiki/File:Bao%27an_Stadium.jpg,
354,Metalist Stadium,"40,003",Europe,Ukraine,Kharkiv,https://en.wikipedia.org/wiki/File:Kunming_07.JPG,China national football team
